winner_level,winner_hp,winner_attack,winner_defense,winner_speedwinner_level,loser_hp,loser_attack,loser_defense,winner_speed
20,77,64,72,38,17,62,33,37,33
28,105,66,63,83,17,60,40,38,45
59,151,93,87,146,16,57,54,51,43
33,102,100,83,81,21,85,59,57,63
43,143,99,90,138,19,78,46,50,46
96,307,264,191,260,89,241,129,165,254
51,168,137,112,147,38,108,58,73,111
97,310,169,189,169,23,65,39,37,60
89,276,186,188,182,73,199,121,114,165
32,99,107,64,86,15,60,41,41,40
59,175,176,145,141,0,10,5,5,5
52,186,134,145,72,19,72,50,46,54
20,81,42,50,32,2,17,10,9,10
61,235,169,157,120,50,164,114,104,159
85,256,234,268,132,20,88,64,56,72
9,37,27,22,31,8,34,28,20,26
27,74,69,75,56,5,22,14,13,14
26,83,59,54,56,4,21,12,13,19
87,236,144,135,196,10,42,32,34,25
79,277,199,226,191,24,84,67,55,72
86,259,168,159,168,41,137,111,78,82
86,235,183,151,159,6,28,21,18,22
81,212,142,328,183,62,220,141,135,178
42,161,109,122,109,41,157,105,109,100
74,194,167,145,101,14,52,39,34,35
82,264,234,185,242,13,46,32,29,30
80,278,203,193,228,63,255,187,149,118
85,196,89,166,208,12,41,25,22,36
88,273,145,216,145,19,74,50,39,29
20,69,40,38,37,0,10,5,5,5
97,300,160,237,160,72,230,148,141,164
72,269,180,187,172,74,239,204,148,201
40,133,116,92,120,2,17,10,9,10
39,126,106,79,114,10,33,21,23,29
65,191,180,290,147,52,207,150,150,150
42,174,130,114,147,11,58,28,26,28
59,186,158,117,170,14,53,30,25,42
5,28,22,18,16,4,21,13,12,16
83,250,205,170,232,47,155,141,98,131
73,258,216,158,165,50,179,124,94,69
86,345,297,280,142,64,169,113,260,145
51,186,127,122,138,14,46,28,25,41
70,247,179,193,95,56,194,139,128,150
87,270,205,222,274,71,286,246,232,118
64,227,190,139,222,26,90,54,85,56
30,96,67,85,79,4,24,18,14,12
73,214,202,326,165,40,105,120,108,76
95,256,204,261,147,64,208,184,145,190
51,152,106,142,117,28,93,52,55,66
65,178,134,95,147,26,82,51,75,43
52,184,133,127,150,28,102,72,66,77
88,354,268,233,304,83,290,209,237,200
78,212,137,121,153,16,53,27,28,32
96,297,168,177,216,54,177,137,109,161
98,362,259,249,279,46,124,92,69,124
90,306,220,229,166,17,84,40,38,40
88,256,260,214,209,89,259,209,138,147
61,162,102,175,96,54,150,112,80,123
21,72,55,67,40,1,13,7,7,7
97,359,208,208,111,96,267,173,206,164
77,217,143,151,112,57,203,164,130,101
76,245,202,248,156,32,86,52,49,81
59,210,146,111,81,46,152,101,101,124
83,225,146,137,164,10,45,38,28,23
66,214,123,103,183,29,79,48,45,74
74,261,212,167,130,61,217,187,212,108
32,125,84,94,84,16,48,43,46,35
55,185,120,114,147,44,146,92,101,75
76,283,149,179,111,86,233,151,142,170
96,355,273,254,254,93,344,237,265,237
78,209,131,129,168,15,63,42,45,37
55,196,139,140,136,24,89,62,64,48
64,201,152,164,203,18,56,48,31,44
69,175,137,108,159,9,39,26,27,21
85,222,149,344,191,54,182,112,183,107
16,57,38,36,52,25,79,34,52,39
63,198,137,130,193,95,256,147,137,175
61,229,157,169,139,14,44,39,28,37
97,320,202,212,191,59,181,107,113,100
55,158,76,103,87,39,99,63,90,71
88,608,84,84,163,64,182,88,120,100
40,129,104,92,100,1,12,7,7,7
57,152,96,164,90,16,56,33,32,56
88,240,188,154,163,18,65,51,37,39
40,117,76,76,72,20,61,38,46,56
11,47,34,30,32,5,27,15,15,10
51,173,127,96,81,54,177,118,112,188
69,210,239,218,163,33,128,67,80,51
79,318,234,186,147,11,37,26,23,25
46,138,87,129,73,65,176,110,108,141
95,275,118,185,137,68,207,147,188,174
36,110,48,73,55,9,43,24,25,22
80,257,172,164,276,55,196,150,120,123
64,240,164,177,145,45,131,85,85,81
64,177,138,113,120,30,117,79,85,70
80,219,171,140,148,8,34,25,30,20
72,254,206,163,127,22,106,59,57,48
72,283,206,206,206,17,67,55,62,33
38,101,115,103,73,34,125,94,76,78
75,242,259,154,162,1,12,6,6,7
32,102,75,59,68,1,13,7,6,6
89,268,245,280,138,67,204,232,212,159
78,298,215,199,153,36,92,48,44,98
77,311,235,205,266,80,297,156,188,116
95,294,223,242,299,64,169,164,113,152
65,208,134,128,149,38,116,50,77,58
56,256,144,139,116,63,173,112,99,168
79,215,139,123,155,55,152,136,87,125
6,27,15,15,18,3,17,10,16,11
82,223,201,127,185,64,240,164,184,164
72,205,144,120,134,53,147,95,89,106
96,307,254,206,273,50,139,94,84,134
63,224,187,137,143,0,10,5,5,5
11,49,42,31,25,17,54,45,52,25
48,129,120,91,158,24,75,51,43,48
94,329,277,202,211,4,23,14,13,15
26,106,90,66,67,29,73,33,60,74
92,285,225,280,161,19,66,39,46,73
61,217,181,133,212,77,256,135,140,120
55,152,103,92,147,22,84,68,51,79
64,208,139,132,222,54,163,118,107,112
81,285,202,204,199,45,145,116,99,103
58,183,178,132,167,20,65,40,58,34
94,291,183,174,164,31,84,54,73,66
53,158,126,84,89,23,74,78,47,63
17,50,33,37,47,8,33,20,19,18
79,207,162,137,155,11,40,34,53,29
46,124,92,69,124,3,17,9,9,11
97,281,183,175,189,62,177,85,116,97
47,132,117,75,108,20,73,46,44,56
18,65,55,44,57,11,42,23,24,29
90,252,130,139,157,27,90,61,64,48
74,283,249,181,184,40,145,110,88,91
42,114,97,84,59,37,124,82,78,130
89,278,204,177,191,96,240,189,148,220
81,285,183,175,231,49,169,118,117,142
93,261,170,170,163,7,33,22,21,24
27,98,67,67,80,34,98,62,59,70
40,133,100,68,96,1,13,7,6,8
97,300,208,198,295,40,165,140,132,68
72,276,163,167,148,29,82,54,120,68
64,208,113,126,113,60,153,120,94,139
90,243,139,130,265,18,63,35,37,44
61,186,120,114,120,43,143,82,69,121
59,214,146,140,159,47,183,160,116,118
64,227,190,139,145,66,168,196,176,123
89,276,191,182,271,63,205,137,130,219
73,177,114,165,129,39,103,86,114,67
64,227,184,145,113,30,102,78,63,91
94,263,127,174,145,82,247,152,144,267
81,301,215,207,231,41,108,123,111,78
79,246,249,234,194,21,77,40,41,36
70,177,109,102,172,6,31,25,19,16
65,165,141,186,108,30,91,63,52,58
23,92,61,63,58,9,39,30,29,31
91,319,227,228,223,17,60,40,45,38
38,101,96,103,77,17,60,32,45,32
91,292,196,186,314,40,153,124,100,112
43,138,95,99,73,27,82,52,61,49
38,108,58,73,111,28,96,100,60,63
78,197,129,176,160,19,68,42,46,35
55,207,158,147,147,1,12,7,6,6
80,241,144,152,134,13,58,40,37,29
35,147,109,95,123,23,78,46,55,87
69,215,147,170,140,2,16,10,10,9
84,312,214,240,214,61,199,114,96,169
29,99,83,61,82,39,115,74,74,71
48,153,103,120,99,1,12,6,6,6
82,264,283,168,177,48,142,89,89,89
87,227,152,352,196,47,136,105,98,101
86,319,194,211,194,3,21,15,14,9
73,192,165,143,99,12,51,33,32,36
20,65,44,58,48,17,60,50,45,28
73,236,165,150,231,54,186,130,129,156
64,169,126,94,171,33,128,87,97,87
97,310,243,193,286,48,158,168,100,105
87,270,222,194,213,19,61,38,38,37
47,169,141,103,108,32,125,88,84,94
3,18,13,14,9,0,10,5,5,5
90,333,238,229,256,93,233,228,246,181
85,264,200,217,268,91,628,86,86,168
98,392,269,240,259,45,149,126,92,124
26,67,30,54,67,2,14,8,8,9
90,288,238,292,184,54,193,166,188,96
54,161,102,150,85,30,102,61,97,64
69,182,177,122,163,53,158,102,98,105
93,251,163,144,246,31,99,73,57,66
65,204,137,138,134,26,87,82,62,77
93,298,190,209,153,72,269,163,177,163
32,125,72,72,40,13,47,32,40,37
64,176,158,184,81,71,194,111,104,132
82,264,144,160,144,5,24,17,14,18
80,233,152,145,156,75,234,184,229,132
94,291,286,211,268,84,236,156,147,231
3,17,10,9,11,0,10,5,5,5
40,109,92,80,56,21,67,45,38,42
64,203,148,129,139,29,88,42,57,48
85,222,140,242,132,5,28,21,16,17
79,199,131,178,162,71,230,132,111,196
22,80,70,57,68,11,39,24,25,20
66,234,166,167,163,60,201,124,202,118
88,282,154,172,154,3,18,10,10,13
8,37,28,32,18,1,12,6,6,6
28,105,66,63,83,22,67,37,35,68
58,218,146,152,139,5,25,15,15,14
75,242,214,169,222,66,207,169,148,163
96,355,216,235,216,33,89,100,90,64
42,114,72,122,67,64,173,108,107,139
93,262,185,153,172,60,273,130,124,130
45,126,99,126,72,12,41,26,24,36
5,23,13,18,12,87,227,170,126,231
99,267,173,163,195,74,335,160,152,160
98,254,161,279,151,47,136,105,98,101
40,129,75,72,70,16,67,59,43,35
83,258,162,154,146,20,97,54,52,44
98,303,269,240,142,13,41,27,29,37
87,392,222,213,178,8,39,26,24,20
71,208,132,196,111,58,207,173,126,202
33,92,67,51,90,27,96,58,94,56
92,230,181,142,211,16,64,44,44,43
41,132,99,107,132,12,43,32,22,24
81,244,158,150,158,10,77,13,13,22
89,241,156,138,174,13,48,31,31,30
81,252,191,207,256,47,146,118,98,133
51,162,109,110,106,8,29,18,20,24
74,194,189,130,175,9,38,31,26,31
15,60,40,31,24,1,13,6,6,7
49,161,137,100,135,23,67,55,48,34
70,247,158,151,200,22,75,51,53,40
95,294,198,200,194,10,40,29,25,26
80,241,172,220,204,69,203,87,136,101
56,166,156,251,128,46,152,133,106,138
85,341,293,276,140,76,283,172,187,172
81,301,231,215,215,27,88,56,53,56
56,153,95,94,122,38,139,105,93,99
66,214,167,133,196,33,92,67,51,90
84,278,206,156,130,72,225,192,141,206
66,188,122,122,117,56,177,150,111,161
32,169,100,72,49,31,99,63,60,63
79,246,249,234,194,94,291,183,174,164
99,247,173,193,252,23,74,78,47,63
85,315,217,242,217,51,157,112,142,132
18,63,60,57,48,17,62,50,37,50
43,130,82,121,69,21,72,47,48,46
61,162,108,248,139,46,166,106,101,133
69,223,205,142,191,23,80,50,48,56
59,241,181,158,205,86,207,133,194,151
86,276,211,142,202,16,80,38,36,38
69,230,142,232,136,11,52,36,30,24
72,225,134,163,264,64,201,126,120,113
94,423,202,192,202,45,144,117,103,112
52,134,88,119,108,48,125,76,72,120
48,153,115,124,153,19,61,29,39,33
91,292,314,186,196,45,117,112,121,90
27,99,69,72,53,22,69,44,42,64
98,372,220,226,200,26,72,80,72,51
96,240,158,216,196,1,12,6,6,6
47,183,113,145,70,63,205,219,130,137
99,306,173,183,222,24,81,69,62,38
20,79,52,50,57,23,78,73,55,69
16,64,44,48,25,11,45,26,41,25
46,129,83,73,124,20,75,52,48,56
97,262,198,140,218,32,86,66,52,76
67,197,138,185,152,9,37,20,22,20
55,163,70,109,81,28,91,58,55,58
58,172,74,115,86,37,123,78,75,87
49,137,88,83,99,37,119,81,77,93
71,252,192,171,182,72,225,156,148,220
87,227,222,152,205,22,71,64,101,53
83,350,146,104,104,74,202,130,115,197
76,283,194,217,194,35,128,106,78,123
41,165,119,119,119,25,69,64,69,52
94,291,249,183,268,13,56,49,36,29
83,175,162,112,229,55,207,191,136,109
52,238,134,129,108,31,84,94,85,60
81,220,126,118,239,23,81,64,46,48
96,249,235,177,312,45,171,139,112,126
56,172,105,100,184,16,59,43,30,41
73,236,202,146,199,38,101,65,88,80
73,236,150,165,121,79,215,123,115,234
96,365,216,221,196,75,197,169,147,102
6,27,19,16,21,2,15,9,8,9
76,245,164,164,202,44,141,75,110,75
53,174,135,107,158,6,30,19,15,12
83,267,220,154,162,85,213,140,191,174
84,228,122,156,240,61,156,133,175,102
92,341,317,225,179,14,47,30,31,24
72,254,206,163,127,4,20,10,10,16
69,203,163,177,115,48,163,102,107,97
68,200,161,106,113,7,33,24,23,25
81,325,280,264,134,24,69,50,38,67
69,241,176,167,198,21,72,59,44,63
36,103,80,102,58,23,72,46,48,37
32,96,61,61,59,9,34,21,21,20
95,247,213,185,128,29,96,64,64,62
67,251,232,165,132,78,225,142,142,142
77,364,174,135,135,47,127,98,83,94
57,243,101,73,73,42,119,72,67,97
87,227,196,170,118,82,247,203,168,229
46,161,133,129,142,57,146,90,84,141
60,237,172,172,172,14,57,39,44,38
75,264,222,162,259,51,183,152,112,117
43,160,102,99,97,19,66,48,52,63
41,169,115,103,111,24,72,40,38,48
54,204,166,134,150,3,21,13,12,12
83,308,207,215,197,41,137,82,132,86
7,35,24,23,23,11,45,28,26,33
89,241,156,147,175,29,94,55,58,51
87,305,222,239,118,23,92,64,62,69
69,223,149,142,239,16,59,43,30,41
56,205,131,128,124,49,176,124,125,122
56,172,111,105,111,14,51,30,35,55
17,60,32,45,32,11,43,26,25,29
88,221,154,172,224,37,194,115,82,56
95,313,289,232,280,46,159,111,110,133
56,166,72,111,83,6,30,19,21,19
29,114,65,65,36,10,35,21,25,30
38,137,99,94,111,9,37,23,22,35
40,145,103,116,99,31,112,79,73,85
20,59,38,84,48,10,59,34,25,18
92,295,244,170,179,72,254,195,156,160
40,121,78,75,80,24,91,57,55,72
90,288,193,193,238,20,71,48,44,66
37,135,95,92,97,2,15,9,9,8
62,195,166,122,178,0,10,5,5,5
95,256,166,147,251,15,111,18,18,31
30,92,57,57,57,7,26,19,24,16
77,217,169,158,163,73,170,77,143,180
79,254,170,170,210,7,32,19,18,23
57,220,193,140,142,37,120,82,78,115
77,270,194,220,186,1,12,6,6,6
67,237,168,169,165,49,161,125,100,147
57,152,141,107,187,55,196,136,103,76
35,104,67,67,64,37,95,60,86,67
94,348,239,268,239,38,112,72,72,69
91,337,314,223,177,45,162,112,85,63
81,285,202,204,199,8,32,20,26,22
86,347,262,228,297,52,150,98,103,77
62,158,124,97,143,32,109,110,94,84
50,134,99,74,134,18,67,41,43,39
70,226,172,116,165,31,124,107,78,80
92,221,115,106,244,32,99,84,65,88
69,244,173,174,170,3,19,10,14,10
67,212,155,134,145,5,23,15,13,13
62,158,124,97,143,15,50,34,28,31
18,89,42,40,42,4,21,12,15,10
27,109,64,66,58,26,90,51,43,75
93,233,163,181,237,80,553,76,76,148
47,149,102,97,117,9,51,24,20,20
99,277,133,183,153,11,49,28,28,17
47,122,103,136,80,2,16,9,8,10
24,92,68,61,64,49,166,107,102,132
88,273,242,216,128,99,237,123,113,262
97,494,295,208,140,37,120,119,112,93
97,310,198,218,160,25,94,66,74,63
69,251,160,156,152,64,214,132,216,126
91,255,199,186,192,17,52,32,52,30
88,335,295,214,217,37,98,60,56,93
98,284,181,269,151,41,124,99,66,70
18,60,62,38,50,2,15,8,7,8
56,172,102,108,95,47,136,105,98,101
99,257,173,400,222,80,409,244,172,116
88,282,172,277,180,67,224,118,122,105
43,126,81,81,78,26,82,51,75,43
70,226,186,151,200,57,169,118,158,130
98,309,200,191,222,21,77,49,46,59
25,84,57,59,44,21,72,53,57,70
91,282,177,168,159,59,164,127,105,111
86,259,213,176,240,39,103,86,114,67
90,315,224,226,220,11,40,30,21,22
74,246,226,182,219,74,224,138,130,241
62,233,215,153,122,7,44,25,19,14
69,258,136,163,101,29,123,103,97,51
59,175,113,108,117,4,20,13,12,13
3,21,15,14,9,7,30,17,20,30
62,239,147,190,91,57,180,124,118,175
7,23,18,14,23,0,10,5,5,5
46,134,103,96,99,32,134,91,81,88
63,180,117,117,112,51,183,117,112,147
67,231,192,205,145,18,83,35,26,26
21,73,52,45,49,0,10,5,5,5
33,101,63,63,63,24,67,55,72,43
54,220,161,129,102,7,33,23,19,20
27,85,83,69,67,1,12,6,6,6
62,233,159,172,141,57,202,145,164,139
60,237,172,172,172,11,37,26,23,25
58,189,155,109,115,27,107,96,69,56
87,244,118,161,135,23,65,71,64,46
58,247,103,74,74,7,36,24,24,24
29,88,61,51,57,18,63,42,40,58
97,320,208,198,257,25,79,72,114,59
85,273,234,169,231,11,49,35,33,33
59,210,176,128,205,0,10,5,5,5
67,204,145,185,172,47,169,136,108,84
67,170,118,132,172,40,165,112,100,108
99,297,193,183,193,12,48,40,33,39
92,341,198,198,106,94,291,164,174,211
93,270,176,168,181,27,107,75,72,80
67,231,165,172,125,42,138,88,84,98
57,152,130,113,79,29,67,60,42,83
53,163,100,95,174,24,79,50,48,50
9,37,35,22,23,8,33,18,19,17
33,107,73,69,84,22,71,55,59,40
79,215,147,131,210,58,276,132,103,103
83,258,137,204,137,38,150,107,99,77
96,278,196,264,216,44,124,75,70,101
92,414,198,188,198,31,109,66,107,63
57,215,164,153,153,60,141,64,118,148
67,212,171,145,152,49,186,127,137,112
97,262,150,140,179,45,126,76,72,103
83,258,174,175,170,61,229,163,157,175
36,121,98,80,105,28,96,80,59,79
54,209,150,139,107,75,212,139,132,207
81,285,239,175,280,95,247,166,384,213
58,160,103,126,155,18,65,37,31,53
89,294,156,161,138,64,208,184,145,190
4,22,14,11,14,4,21,12,11,11
81,261,239,166,223,87,234,165,149,187
47,141,113,122,80,26,90,75,55,74
49,137,73,93,142,25,107,72,64,69
84,429,256,181,122,76,245,202,248,156
14,71,39,38,32,10,40,32,26,33
89,276,236,174,254,8,39,26,24,20
70,247,189,151,156,60,195,148,100,142
29,104,72,71,86,20,79,52,50,57
95,275,223,242,156,93,298,209,190,293
41,161,95,97,86,46,124,92,69,124
21,77,67,55,65,34,111,59,86,59
76,237,134,141,172,17,62,35,30,50
96,355,244,264,216,37,128,80,84,76
85,315,225,217,242,53,174,148,107,145
84,270,181,181,223,41,141,86,140,82
59,192,158,111,117,72,202,131,156,124
70,247,214,242,123,9,33,18,17,21
83,250,149,157,139,24,84,62,43,60
49,176,147,107,171,25,79,62,42,44
25,74,42,39,49,22,82,57,59,44
64,201,120,145,235,35,104,79,74,77
22,60,37,53,42,0,10,5,5,5
72,269,184,206,184,56,177,156,139,83
90,306,256,274,193,10,40,31,24,31
84,253,151,159,141,22,100,42,31,31
99,366,246,256,234,65,221,155,154,186
72,261,167,163,159,7,28,17,16,23
67,257,185,172,132,60,213,154,166,82
41,169,144,136,70,16,51,34,31,38
83,192,87,162,204,4,19,11,12,14
69,200,126,126,126,9,36,35,32,25
29,123,103,97,51,23,69,60,69,32
30,102,103,88,79,13,50,38,46,30
63,211,137,130,168,27,90,72,63,69
78,275,223,176,137,14,57,46,52,28
96,374,273,273,273,2,14,7,7,9
71,215,154,196,182,28,105,66,63,83
20,61,41,38,46,7,31,23,17,18
86,233,151,185,228,55,174,120,125,92
82,247,147,155,137,57,146,101,113,147
84,270,248,172,231,82,231,180,168,173
83,267,187,170,262,24,79,69,79,40
73,199,158,202,114,68,193,126,126,120
90,288,301,256,229,87,270,239,213,126
82,206,177,234,136,50,160,116,101,109
99,297,341,311,232,4,19,16,15,12
66,207,130,123,117,27,107,61,61,34
92,291,188,179,209,52,160,95,100,89
66,209,168,143,150,5,23,18,26,15
82,272,172,180,162,74,233,170,148,160
39,204,121,86,59,35,114,78,74,109
67,184,165,192,85,47,136,88,88,84
49,175,125,142,120,66,194,84,130,97
54,166,188,172,129,10,45,29,32,29
31,99,63,60,63,11,53,37,33,42
73,236,253,150,158,91,292,168,141,250
97,310,208,198,334,83,292,245,179,287
91,282,150,223,150,42,93,84,59,118
67,190,124,124,118,50,139,79,74,149
20,71,70,60,54,20,91,38,28,28
94,276,202,183,192,27,80,42,53,80
87,349,239,213,231,35,118,123,74,78
43,164,99,108,99,67,235,171,163,192
77,217,112,120,135,74,209,136,136,130
39,119,129,77,104,52,129,67,62,140
73,228,121,180,121,52,157,114,103,108
38,108,69,61,77,12,50,34,33,38
69,237,170,177,129,49,142,93,88,137
97,300,208,218,160,25,94,70,57,58
69,251,160,156,152,22,96,70,62,79
84,295,209,211,206,18,63,51,39,55
25,82,59,47,54,10,39,27,29,35
94,282,324,296,221,98,313,171,191,171
53,147,116,148,84,42,140,122,97,126
66,201,150,117,136,50,159,139,124,74
88,326,224,251,224,6,25,16,14,17
95,275,179,172,185,51,193,157,127,142
30,102,55,61,55,1,13,7,7,6
86,276,245,194,254,52,197,134,150,134
70,200,140,116,130,44,146,154,92,97
84,245,248,204,199,19,74,60,44,46
46,166,119,129,64,19,63,48,52,35
58,178,132,103,120,59,181,117,111,117
46,165,118,133,113,15,60,41,40,42
77,287,197,220,197,81,220,126,118,239
98,303,259,191,279,14,53,30,25,42
94,282,168,177,157,55,169,120,153,142
89,268,245,280,138,74,231,189,166,182
52,197,134,145,119,54,155,102,96,150
54,150,112,80,123,18,60,40,53,44
43,156,99,95,125,44,141,97,92,136
85,230,132,123,157,49,142,109,102,105
27,109,77,72,56,41,124,99,107,70
87,244,118,161,135,42,151,108,122,104
70,219,221,207,172,59,198,105,108,93
83,242,157,151,162,15,54,42,37,40
40,105,72,80,104,28,110,74,80,66
76,207,118,111,141,42,136,99,86,93
70,205,207,171,167,47,132,103,131,75
65,198,162,134,183,42,140,114,139,88
47,169,122,131,66,2,16,9,9,10
88,247,161,161,154,54,155,120,112,116
94,357,211,217,192,33,155,74,70,74
91,292,196,186,314,19,68,67,58,52
72,211,199,321,163,61,205,187,151,181
99,297,183,173,321,54,204,166,134,150
61,221,151,145,164,40,101,64,92,72
27,80,50,48,56,28,85,41,55,46
43,134,151,138,103,28,96,83,66,86
80,273,196,204,148,36,103,66,58,98
93,372,321,302,153,83,242,154,229,129
80,249,204,179,196,16,49,44,32,41
46,212,119,115,96,8,37,24,23,25
43,121,90,65,99,4,21,13,12,14
75,234,237,222,184,77,210,128,120,174
88,300,216,224,163,34,111,106,79,100
54,159,100,100,100,17,54,38,28,42
80,224,145,172,137,56,183,122,116,195
64,201,196,145,184,18,60,26,39,30
94,244,230,174,305,84,228,147,139,166
47,141,113,75,80,4,20,11,13,15
91,255,199,186,192,11,36,21,20,31
43,156,133,151,78,52,269,160,114,77
97,339,241,233,247,13,50,47,41,37
94,348,183,221,136,54,177,118,118,145
29,114,77,86,77,18,71,52,47,49
22,86,57,55,62,8,38,24,27,24
74,258,188,179,212,76,245,202,164,217
49,132,98,73,132,50,129,100,79,116
64,201,196,145,184,47,155,103,98,164
73,272,253,180,143,32,93,52,49,97
73,258,216,158,253,4,23,16,13,13
90,342,211,274,130,70,191,102,130,200
40,165,120,96,76,20,69,64,48,60
63,161,187,168,118,37,124,101,82,108
92,322,229,222,234,63,221,161,153,181
36,110,76,102,84,33,92,61,136,77
84,337,290,273,139,29,96,56,54,52
55,207,147,142,158,50,139,79,74,149
43,134,95,121,112,37,106,60,56,71
77,225,251,148,200,14,54,34,32,41
50,139,109,139,79,46,157,115,87,73
50,149,164,97,131,18,51,26,24,51
59,228,164,152,117,61,168,96,90,181
37,102,67,152,86,15,60,44,36,37
77,217,112,120,135,32,120,81,78,88
41,141,103,78,66,34,88,45,42,93
28,88,55,80,46,5,23,15,14,15
58,207,132,126,167,9,33,17,21,30
20,59,52,40,68,9,35,27,22,28
93,298,246,172,181,53,167,114,132,108
97,368,266,247,189,73,243,153,161,145
73,228,180,223,129,0,10,5,5,5
65,206,150,131,141,4,23,14,15,10
88,314,216,207,235,29,99,65,62,103
96,317,200,210,189,28,91,72,60,81
35,114,88,109,64,3,19,11,10,15
96,259,168,206,254,95,258,202,166,175
46,130,100,83,87,1,12,7,6,6
41,128,91,115,107,22,78,77,66,59
26,106,62,63,56,26,87,54,51,49
94,301,249,305,192,28,105,74,80,41
65,308,147,115,115,44,141,97,101,75
41,121,84,70,78,13,48,32,30,43
79,191,123,178,139,58,160,144,91,132
62,220,184,135,141,63,161,99,93,156
63,287,137,130,137,36,107,74,62,69
81,274,192,191,231,87,244,159,159,152
26,72,49,54,69,1,13,7,6,8
30,87,76,88,40,6,24,18,16,12
71,265,139,168,104,56,177,172,128,161
72,197,148,105,163,38,127,115,80,107
88,265,242,277,136,79,254,218,158,215
95,361,318,231,234,15,51,45,70,37
54,193,161,118,188,42,127,55,84,63
88,326,251,233,233,83,258,179,170,253
98,313,210,200,338,9,43,24,25,22
68,213,168,208,120,1,12,6,6,6
48,149,91,86,158,10,38,25,31,29
83,258,151,146,141,24,86,55,52,67
42,152,97,93,122,2,19,9,8,8
56,177,103,100,96,2,16,9,9,9
70,261,200,186,186,57,215,175,141,158
98,343,289,210,220,69,182,170,129,225
93,298,233,185,274,2,15,10,13,9
83,232,151,179,142,50,140,108,89,94
76,260,187,194,141,31,121,91,85,85
98,274,179,179,171,29,85,54,51,60
24,115,64,62,52,0,10,5,5,5
75,234,136,132,127,10,38,23,22,23
95,247,213,185,128,22,106,59,57,48
78,212,137,168,207,16,57,46,35,49
91,355,259,259,259,39,109,68,67,86
51,188,120,117,114,8,33,24,28,18
24,72,38,48,72,4,20,12,12,11
75,227,147,139,147,3,17,9,9,10
40,145,110,88,91,37,106,67,60,75
31,152,73,57,57,25,102,72,67,52
91,246,168,150,241,29,88,57,60,45
81,285,231,183,142,30,87,49,46,91
82,255,160,152,144,14,60,35,38,35
56,149,128,111,77,10,41,25,24,30
73,228,153,155,150,50,179,149,109,114
91,237,205,177,123,31,90,51,48,94
16,50,30,30,38,9,33,23,29,18
81,254,186,162,175,35,128,92,99,50
79,223,115,123,139,62,177,91,97,110
98,313,191,308,200,6,28,19,17,18
64,205,132,126,147,27,96,85,69,83
87,305,234,187,192,87,236,144,135,196
83,250,229,262,129,25,72,54,46,52
55,224,191,180,92,24,98,84,62,63
42,135,130,97,122,50,139,104,74,114
78,298,262,190,193,6,24,13,13,19
38,146,88,96,88,25,80,57,52,54
20,73,46,44,56,7,26,19,24,16
90,270,202,157,184,56,138,88,128,100
34,122,100,96,106,37,113,71,104,60
72,233,163,148,228,31,112,79,73,85
88,229,145,251,136,60,171,133,124,128
69,203,191,308,156,5,30,13,10,10
76,245,202,141,149,49,166,102,166,98
52,165,140,103,150,40,137,100,76,64
66,227,163,150,176,48,139,67,91,76
95,237,156,213,194,3,18,12,10,12
81,212,199,150,264,1,13,8,8,6
33,105,84,70,95,26,98,67,51,38
87,227,222,152,205,34,101,77,72,75
33,115,72,75,68,14,37,31,23,42
14,54,32,51,31,5,25,17,14,19
49,235,112,88,88,27,93,94,80,72
67,204,232,212,159,39,123,99,82,111
94,479,286,202,136,5,25,17,15,15
99,336,242,252,183,16,54,33,33,33
67,212,171,145,152,22,111,53,42,42
25,77,37,49,42,12,41,22,21,39
66,209,168,143,150,50,154,139,159,79
78,220,171,160,165,67,210,145,138,205
92,249,142,133,271,52,171,114,108,181
19,61,45,42,44,5,28,22,18,16
99,346,292,212,341,9,36,20,20,19
74,268,172,167,163,26,72,43,41,67
44,141,106,114,141,19,66,50,61,37
86,345,254,202,159,92,239,207,179,124
95,332,255,204,210,19,61,29,39,33
97,281,179,266,150,16,45,20,35,43
78,197,192,207,153,28,92,63,59,72
51,162,86,127,86,24,103,86,81,43
75,227,186,154,210,5,26,16,17,13
15,59,46,45,49,15,51,31,45,27
95,351,327,232,185,79,223,145,145,139
5,29,21,20,12,11,48,31,30,33
94,293,238,202,211,40,133,112,82,111
89,241,165,147,236,5,25,16,12,16
69,245,187,166,177,55,176,141,120,125
74,335,189,182,152,52,139,93,212,119
86,216,170,133,197,35,131,88,85,96
83,200,104,96,220,46,147,101,96,142
83,267,204,137,195,21,77,67,55,65
65,211,180,131,177,56,169,122,111,116
58,207,144,109,80,1,13,7,7,7
81,249,173,163,199,42,135,93,97,72
78,259,137,142,121,66,168,117,130,169
95,351,289,232,261,13,50,28,24,40
98,313,289,200,269,31,106,60,51,88
32,118,97,72,75,13,43,36,41,20
60,177,112,166,94,31,115,80,78,82
36,121,84,76,116,5,26,16,15,17
62,220,168,135,138,59,172,108,108,108
86,240,156,185,147,65,172,167,115,154
97,359,295,237,266,99,316,248,197,292
66,247,169,189,169,64,182,88,120,100
78,243,137,145,176,46,147,92,87,83
83,308,220,212,237,77,225,182,120,128
36,139,73,87,55,2,16,9,8,10
85,270,174,166,193,24,69,64,45,60
58,178,161,184,91,32,93,59,52,88
98,235,122,112,259,58,207,146,141,149
18,54,39,30,51,18,63,42,48,40
71,265,217,175,196,59,169,81,111,93
43,113,95,125,73,8,42,18,14,14
54,171,166,123,156,8,29,18,36,22
56,161,105,100,156,23,69,47,43,53
61,205,133,126,163,27,80,58,42,64
35,107,92,71,95,22,78,77,66,59
58,218,167,155,155,10,35,24,18,26
88,265,217,180,246,78,243,168,160,238
47,169,141,103,164,36,114,92,76,103
60,189,130,124,184,17,71,52,49,49
94,301,277,192,258,30,108,76,79,58
26,99,67,64,73,27,77,56,42,75
71,187,182,125,168,34,115,96,70,95
73,258,223,253,129,31,90,57,70,85
74,200,141,127,160,46,138,119,92,124
90,270,161,170,150,32,134,97,78,62
87,323,265,213,239,97,297,206,195,237
66,174,117,268,150,15,54,33,31,30
81,236,223,361,183,49,166,151,122,147
99,308,226,197,212,94,265,187,155,174
70,226,137,221,144,47,155,120,96,141
95,247,156,270,147,88,265,217,180,246
31,93,60,60,57,26,106,62,63,56
38,141,96,92,104,1,12,6,7,6
52,149,96,114,91,41,124,80,77,82
84,278,206,156,130,85,281,149,154,132
97,281,228,150,160,87,270,158,152,147
90,314,226,256,217,37,143,82,82,45
63,205,137,137,168,3,18,10,13,11
95,296,217,189,204,69,189,101,129,198
62,164,128,109,122,20,69,54,48,52
97,262,150,140,179,31,87,79,60,104
72,197,127,112,192,18,71,48,37,28
28,111,102,80,72,23,76,46,44,78
79,277,199,226,191,67,197,172,132,179
92,309,218,216,262,39,130,98,67,94
27,107,96,69,56,19,55,60,54,39
88,247,161,161,154,7,35,23,22,24
72,369,220,156,105,32,105,70,70,68
62,189,155,128,174,25,67,42,59,47
74,379,226,160,108,67,190,124,124,118
16,69,57,43,43,12,56,37,33,36
94,273,258,418,211,51,178,127,117,137
97,281,247,189,257,60,177,142,94,100
50,137,85,84,109,58,183,123,124,120
48,149,168,153,115,8,33,18,19,17
89,276,186,188,182,47,179,164,117,94
35,247,36,36,67,20,69,38,40,48
99,376,222,228,202,78,275,195,196,192
23,92,69,64,64,18,58,37,37,35
86,216,211,228,168,56,177,172,128,161
74,231,189,166,182,44,124,75,70,101
86,302,254,185,297,33,75,67,47,94
70,247,179,193,95,0,10,5,5,5
21,91,61,55,59,0,10,5,5,5
74,276,167,182,167,49,171,142,151,107
75,249,154,252,147,72,153,141,98,199
87,272,199,173,187,8,34,24,17,23
36,107,51,69,58,27,82,62,58,60
86,328,202,262,125,66,168,110,150,136
62,195,131,132,128,30,132,55,40,40
23,79,62,53,55,26,82,36,54,41
56,183,139,94,133,5,25,13,13,12
57,175,124,158,147,61,168,108,96,163
94,348,249,239,268,39,115,74,74,71
26,90,75,55,74,12,44,25,27,24
55,174,117,118,114,9,38,22,34,22
40,117,56,76,64,9,34,20,20,20
28,91,55,52,94,22,80,48,77,46
93,288,200,209,153,9,40,28,23,24
98,313,259,210,279,39,95,43,79,98
70,247,189,151,156,61,199,126,139,102
97,320,237,179,150,6,25,15,14,20
36,109,68,68,68,27,90,50,53,64
69,189,170,108,156,2,17,11,11,8
74,266,182,175,198,11,46,31,32,24
96,432,206,196,206,47,155,131,96,130
83,267,220,154,162,30,102,103,88,79
79,254,139,155,139,58,218,178,144,161
19,78,41,48,31,6,25,14,13,18
89,321,206,200,195,49,127,88,98,127
99,306,311,292,242,7,28,17,17,16
93,253,198,163,172,79,302,178,183,162
58,189,167,132,173,40,125,74,78,69
92,295,198,188,317,80,251,184,160,172
58,195,126,120,155,46,152,106,96,147
29,107,76,73,86,20,61,40,36,56
36,107,69,73,55,12,45,26,31,48
83,308,220,212,237,31,87,82,57,76
97,260,183,166,208,90,252,130,139,157
73,280,245,178,181,41,112,74,168,95
90,279,157,166,202,47,194,145,127,164
47,155,98,108,80,20,59,52,40,68
51,168,106,117,86,17,60,57,54,45
54,204,139,150,123,66,201,130,123,130
17,59,34,36,32,1,12,6,7,6
19,59,50,33,46,12,47,28,31,24
94,254,192,136,211,54,177,145,118,156
93,642,88,88,172,36,99,94,66,87
75,234,177,192,237,39,115,88,82,85
69,203,191,308,156,59,192,205,122,128
95,323,232,213,251,21,81,57,61,32
78,275,195,189,199,44,124,75,70,101
56,183,122,122,150,37,132,108,115,82
81,317,231,231,231,10,40,26,24,35
80,225,147,147,140,12,46,34,30,31
52,139,129,98,171,17,125,20,20,35
92,239,207,179,124,62,171,153,178,79
83,258,212,185,204,68,186,120,106,181
77,202,197,135,182,34,115,72,79,59
85,256,166,157,166,65,191,193,159,155
60,191,139,121,130,25,77,49,52,39
88,238,128,163,251,46,189,138,110,87
31,96,104,62,83,18,132,21,21,37
21,72,49,51,38,17,71,62,45,37
94,254,164,145,183,69,216,191,170,101
76,283,190,198,181,44,128,83,83,79
75,212,109,117,132,12,47,26,22,37
82,285,208,198,234,34,101,65,65,62
93,214,97,181,228,52,197,160,129,145
68,173,168,181,134,43,126,82,86,65
88,270,188,177,216,32,105,72,68,100
74,202,123,115,167,31,84,70,91,54
83,217,187,162,112,34,111,93,69,100
27,89,61,57,69,3,18,12,10,12
47,132,75,70,141,25,94,74,59,47
92,341,207,225,207,33,128,74,74,41
66,225,158,156,189,68,193,93,127,106
7,28,21,15,20,4,27,14,14,12
32,109,88,72,94,34,101,65,65,62
79,278,234,170,178,34,120,83,83,100
41,157,91,91,50,12,40,27,24,30
98,372,220,226,200,25,112,47,34,34
90,360,247,220,238,43,130,82,121,69
75,233,159,184,151,51,147,114,106,110
51,183,139,112,115,51,142,91,112,137
53,200,105,126,79,13,50,47,41,37
96,259,158,148,216,0,10,5,5,5
82,567,78,78,152,23,76,83,76,57
72,189,141,105,192,34,111,76,79,59
24,72,48,43,67,20,65,40,40,40
90,265,193,175,184,83,275,146,151,129
60,189,106,112,136,23,81,64,78,50
71,230,154,146,246,8,40,27,27,27
58,207,173,126,132,40,145,120,88,140
93,298,181,293,190,78,231,168,153,160
96,259,177,158,254,53,156,98,98,98
86,347,262,228,297,65,194,141,128,134
83,258,151,146,141,3,17,10,9,12
88,238,128,163,251,21,56,25,44,55
81,261,204,162,239,69,182,156,136,94
56,155,116,83,128,38,138,98,111,94
46,147,142,106,133,11,36,26,21,29
74,209,136,136,130,11,47,36,28,29
68,193,127,134,100,28,93,58,55,52
90,279,193,184,274,2,15,7,8,10
60,189,130,136,100,45,135,126,202,103
30,96,58,55,100,12,46,34,30,31
82,313,185,190,168,59,192,150,119,176
64,241,227,177,158,14,51,38,46,28
77,210,189,220,97,14,61,42,39,31
48,153,103,120,99,2,16,10,9,11
83,275,179,170,220,51,157,178,163,122
63,224,143,137,181,51,208,178,168,86
66,174,136,115,130,63,181,127,105,118
88,273,172,163,154,6,23,10,16,19
29,94,65,83,77,16,64,51,38,59
83,227,177,146,154,35,118,91,72,106
31,103,74,65,70,25,74,39,49,74
88,256,207,224,145,21,75,56,45,65
26,111,80,64,51,12,43,43,27,35
51,208,142,127,137,18,60,49,39,51
20,61,46,58,34,0,10,5,5,5
87,297,213,222,161,22,80,48,77,46
44,203,114,110,92,3,17,9,13,9
60,165,148,172,76,19,84,61,54,69
86,328,194,199,176,14,53,35,32,48
73,228,202,180,107,4,23,16,13,13
79,254,226,178,234,95,272,172,172,172
67,212,155,134,145,41,133,96,84,91
73,230,168,146,158,45,162,115,130,111
90,225,265,238,166,88,273,216,268,154
26,90,54,85,56,30,95,67,61,64
70,247,175,177,172,49,127,107,142,83
30,102,58,49,85,10,43,34,38,21
59,169,81,111,93,20,71,44,42,49
25,84,44,64,44,13,98,16,16,28
13,50,38,32,41,1,13,7,7,7
20,69,46,48,36,22,62,40,53,48
59,175,113,108,117,28,93,88,66,83
66,201,143,183,169,61,191,130,151,124
74,258,188,179,212,62,233,215,153,122
70,212,174,144,196,51,157,142,163,81
61,192,145,157,194,9,36,22,21,20
81,285,202,196,207,30,112,84,75,79
17,71,42,45,42,0,10,5,5,5
65,334,199,141,95,58,166,108,108,103
45,186,139,121,157,35,114,66,64,62
52,139,88,150,82,57,169,73,113,84
11,34,15,25,31,5,23,14,12,13
23,92,69,64,64,14,46,38,44,21
80,409,244,172,116,39,130,86,82,137
98,235,122,112,259,1,13,7,7,6
59,210,176,128,134,11,50,41,31,31
92,322,225,170,124,78,298,176,181,160
87,323,265,213,239,44,137,84,79,145
73,374,223,158,107,67,217,152,138,212
63,238,224,175,156,35,118,95,116,74
95,266,128,175,147,65,276,115,82,82
56,200,172,195,100,58,172,74,115,86
81,261,183,166,256,2,15,9,9,9
83,217,137,237,129,63,438,61,61,118
66,227,189,202,143,24,69,57,50,36
39,142,102,110,55,33,145,61,44,44
67,251,145,145,78,17,60,50,45,28
81,252,256,239,199,91,219,114,105,241
67,237,199,145,232,8,41,32,30,17
48,125,105,139,81,39,162,121,106,137
77,273,208,185,197,82,255,177,168,250
54,188,156,150,166,46,164,119,113,133
72,182,143,112,166,3,18,10,10,10
54,166,102,96,177,15,50,31,30,45
15,48,40,27,37,0,10,5,5,5
76,230,172,134,156,46,175,142,115,129
70,247,207,151,158,29,96,64,74,61
94,244,230,174,305,45,149,121,85,90
64,182,141,132,136,54,192,137,156,132
5,21,14,12,16,3,18,9,12,9
69,210,156,122,142,19,63,56,88,46
58,218,132,144,132,74,239,138,115,204
92,285,179,170,161,39,103,118,106,75
48,133,93,84,105,50,174,124,129,94
40,157,92,95,84,21,75,49,46,76
71,187,139,104,189,67,184,105,98,125
79,318,234,186,147,5,26,19,21,13
67,197,172,132,179,31,130,110,104,54
96,259,148,139,283,39,130,98,67,94
35,111,71,67,71,18,132,21,21,37
59,234,170,170,170,15,57,35,37,33
48,182,139,129,129,71,222,139,132,125
95,370,270,270,270,73,250,209,223,158
24,98,84,62,63,9,43,29,27,22
79,246,155,147,139,63,173,99,93,187
76,237,126,187,126,5,24,14,13,14
66,458,64,64,123,11,41,28,34,32
64,208,171,120,126,29,102,62,100,60
39,119,94,63,67,3,17,10,11,12
56,217,189,138,140,31,124,76,97,48
83,217,204,154,270,72,256,195,173,184
51,181,131,125,147,46,143,85,89,79
75,231,160,151,184,31,99,80,66,89
80,241,198,164,224,64,445,62,62,120
76,161,149,103,210,17,67,54,40,62
69,223,149,149,184,14,60,44,41,41
95,285,204,261,242,82,223,168,119,185
95,266,128,175,147,57,186,130,118,181
68,200,86,134,100,18,89,42,40,42
16,57,32,33,40,9,40,27,29,16
80,233,188,204,132,16,57,41,44,54
70,268,193,179,137,18,54,39,30,51
66,194,156,169,110,35,100,64,57,95
31,90,79,91,42,8,31,15,19,16
21,81,57,61,32,90,279,238,175,256
32,105,61,59,57,8,34,32,20,21
43,156,112,121,60,15,54,51,48,40
99,277,143,153,173,60,177,76,118,88
52,160,98,93,171,48,158,144,100,134
91,273,205,159,186,99,316,262,183,193
81,269,166,272,158,42,152,130,147,76
99,275,179,212,169,78,197,121,114,192
98,302,206,240,197,28,79,74,52,69
99,396,272,242,262,52,155,108,145,119
82,280,201,209,152,20,61,34,32,62
80,249,132,196,132,85,264,183,191,140
97,273,193,160,179,69,258,149,149,80
79,246,186,202,249,76,207,187,217,96
27,80,61,77,45,5,23,19,16,16
58,265,149,144,120,80,265,140,145,124
54,151,117,96,102,32,107,68,65,76
76,268,194,210,103,61,199,163,200,126
39,127,92,80,86,40,117,56,76,64
82,247,185,144,168,59,192,146,99,140
26,104,95,75,67,31,102,54,79,54
86,298,218,207,245,66,194,136,183,150
16,58,44,38,40,9,32,27,20,25
48,158,139,110,144,59,163,146,93,134
80,217,140,124,212,59,210,176,128,134
81,204,239,215,150,73,228,172,187,231
49,176,147,107,112,39,126,121,90,114
48,173,122,123,120,29,88,45,48,54
34,84,38,69,86,4,21,15,22,13
74,246,130,135,115,24,81,64,57,62
8,35,28,24,28,7,28,17,16,23
44,182,136,119,154,36,143,87,112,55
61,211,151,157,114,48,139,91,96,72
88,229,216,163,286,82,239,103,160,119
58,219,206,161,144,26,82,75,119,62
73,258,180,136,99,1,12,6,6,7
64,195,145,113,132,58,224,132,136,120
42,140,147,88,93,2,15,11,10,9
55,189,132,131,158,7,35,22,23,20
73,250,209,223,158,41,132,89,103,85
97,262,169,150,257,73,255,186,177,209
95,237,204,270,156,75,219,139,207,117
